id,amount ($),description,found_user
caqjJtrI,88549,"From Liam J. Johnson for Deel, ref 4oJnVOMRLZftACC//403705217843//CNTR",liam j johnson
AcwQVVtq,95880,"From Olivia Roland Smith for Deel, ref mhH2aFLP4rPTACC//460168509379//CNTR",olivia roland smith
N0wJk7Kp,56834,"From 杨陈 for Deel, ref 0Ckil9BX0zXMACC//14748849412//CNTR",yang chen
RAZbbmLX,98237,"Transfer from Emma Brown for Deel, ref kKx5IWycb93DACC//943167654914//CNTR",emma brown
bIzmL3pD,82977,"From Oliver Talor for Deel, ref zMpiWFssuC1sACC//227441521818//CNTR",oliver talor
m1wOOZNz,9101,"From Ἄλεξις Ava Anderson \ for Deel, ref 05SbIAy2skd RACC//245536464259//CNTR",alexis ava anderson
YPOEKpLs,74574,"From William Martinez for Deel, ref WTrshixkeu1bACC//674187619769//CNTR",william martinez
Ysop2Dzq,34224,"Received from !Isabel Wilson for Deel, ref MBGqLvH42h86ACC//408322552701//CNTR",isabel wilson
86OWU7JD,69999,"From Elijah    Thomas for Deel, ref Ztp4U. cviuBQGACC//464686064210//CNTR",elijah thomas
ZdNxnh4E,63809,"From Sophia Lizzie    Clark for Deel, ref FK824HgoLbQWACC//24332722812//CNTR",sophia lizzie clark
o38UQgrd,24600,"ref KdlU2gNBe4UkACC//262389856139//CNTR From James. Rodríguez for Deel, ",james rodriguez
J7os8g9d,38405,"From Mia Lewis, for Deel, ref dAK21Vs4e7vNACC//627987585520//CNTR",mia lewis
kXAGOWZ4,40781,"From Benjamin Lee Test for Deel, ref 9J6Z8JulDKC6ACC//781831470590//CNTR",benjamin lee test
rJfl3qKG,2168,"Request from Charlotte  Grace Walker for Deel, ref eyQXUXo0VetvACC//599309693244//CNTR",request charlotte grace walker
KX4Ug0Vd,51965,"From LucAS Hall for Deel, ref OfyJs95EIEy2ACC//202544590548//CNTR",lucas hall
fpFEF1ur,72546,"From Amelia Turner for Deel, ref JDtWqKRm8XppACC//354138983151CCElijah//CNTR",amelia turner
GLLh0V6N,46418,"Transfer from Hen ry Hill for Deel, ref eY3bFzieZ. 6fDACC//29987282543//CNTR",hen ry hill
QvW72smG,29890,"From Harper580Adams for Deel, ref iOOGkNSUx60VACC//702602048415//CNTR",harperadams
uU2NRqif,44812,"  From Αλέξανδρος Μπέικερ for Deel, ref 5ZbSrAlOvfqDACC//922906239060//CNTR",alexandros mpeiker
ycH8jf7N,72697,"From Évèlyn Allèn Jr. for Deel, ref cQqQDAA NGtu4AC a'',adsC//426045068062//CNTR",evelyn allen jr
ei6nge4H,90425,"From Danniel.Wright for Deel, ref 2iWIr1my1oNIACC//826468457411//CNTR",danniel wright
jUuibOk8,94298,"Payment from אֲבִיגַיִל גרין for Deel, ref mBEG9W1jyIj. zACC//252746919478//CNTR",aabiygayil gryn
772Y58MU,21265,"From Matthe';w Ki|ng for Deel, ref QikIUvnJPdY8ACC//228449538371//CNTR",matthe w ki ng
aglz0x27,14591,"Payment from Sophia   Cork for Deel, ref dYHRq84OWic3 ACC//596726975562//C NTR",sophia cork
YQpsruWK,16552,"From Michael 60413 Moore for Deel, ref E47q70bJeQAHACC//383849066552//CNTR",michael moore
iLZfczUk,3650,"Transfer from Elizabeth Nora Mitchell for Deel, ref XsSovxGcE 7yjACC//202297416135//CNTR",elizabeth nora mitchell
l8cn5kW7,59155,"From Jackson for Deel, ref 7eWbcoTyndmdA0,';CC//Nelson662373120171//CNTR",jackson
bQTK9h5F,90940,"From   Deel, ref 6o5rMIf23tCLACC//30434. 8221268//CNTR, ref Campbell",ref campbell
cJxua5um,94177,"From Davd # Carter 94177 for Deel, ref 0aQSpCwopTr 0ACC//50280867206//CNTR",davd carter
JkJnn0kt,94599,"Transfer from 陈剑 for Deel, ref kcg2uswXSae6ACC//270685055935//CNTR, CN",chen jian cn
BWIigGOK,14574,"From Joseph Elijah evans for Deel, ref Th1GFHihTX7IACC//674072611669//CNTR",joseph elijah evans
mYMQcqtN,8252,"From Grace COLLINS for Deel, ref ZsE7FSQMJWRZACC//26420273995//CNTR cc Grace",grace collins cc grace
Oz12uLqw,11517,"From Samuel Ewards, ref xY40fJaHfl0pACC//947117080077//CNTR",samuel ewards
zKzUOlWx,79653,"From Benjamin Leedsfor Deel, ref n7RgpOBeok6MACC//607317210539//CNTR",benjamin leeds
62O2d9rm,60540,"Payment from Benjamin Rivera for Deel, ref M0VYem35 # jp80ACC//245929755733//CNTR",benjamin rivera
iMsNYIes,27084,"From Lily Kelly01 for Deel, ref R61iD7yMOvhLACC//916452734626//CNTR ref Stripe",lily kelly ref stripe
pXAMd74U,53576,"From for Deel, ref KFRJKAQf3UmwACC//451  230593191//CNTR ref: Jack Cooper",ref jack cooper
1L7kkXTk,33134,"From 刘王 for Deel, ref iBxqUQgWCQ5xACC//532800242260//CNTR",liu wang
Tn3ParZH,27893,"From Andrew Richar dson for Deel, ref 3w8t3Cm oKtxHACC//45357314666//CNTR",andrew richar dson
hme4Sohp,80990,"From Aria Cox for Deel, ref 1XZd   lO0bUAEkACC//722923598131//CNTR",aria cox
kV6qdhZ2,83112,"To Deel Limited CREDIT REF From Christopher ERR# Ward for Deel, ref lc5CPGXlCbfV ACC//2 3569501332//CNTR",limited credit ref christopher err ward
mkcUo5Z7,52776,"Payment from Scarlettross for Deel, ref 3XcqgSiFCLl7ACC//158226484940//CNTR",scarlettross
1NfQ59pg,97070,"From William hillips for Deel, debit ref DIXtzQm5IO0zACC//324137134388//CNTR",william hillips debit
vUl27SqF,49811,"From zoeyhowardfor Deel, ref 5azQbS8RncclACC//229632809211//CNTR",zoeyhoward
LToaYEdv,40796,"  From J for Deel, ref 1pg8kFxI85TxACC//838904646618//CNTR, Foster",j foster
xgDlc1vd,91610,"From Refley Hayes for Deel, ref mWJ5iNM R6TW1ACC//343604403820//CNTR",refley hayes
K0PvnhYL,40952,"From Daniel Torres   Smith for Deel, ref 0R5pzL0z2274ACC//844239942124//CNTR",daniel torres smith
H206KrAe,2618,"From Penelope Campbell for Deel, ref B1Dmdkg   ZQaghAC. C//997618212692//CNTR",penelope campbell
WfBC5iDR,64857,"From Richard COLEman for Deel, ref j7iLqKLaAcUHACC//580965106098//CNTR",richard coleman
iA9W3i4p,13016,"Payment from Layla JJ Simmons for Deel, ref MSiATnIekZ8FACC//530393227103//CNTR",layla jj simmons
po2g9Xm7,11,"Deel payment from Isabella Wilson for Deel, ref f5y6MQuBoDC7ACC//.  522175259477//CNTR Test 2",isabella wilson test
nbu7y4bD,33358,"From Στέλλα Σάντερς or Deel, ref 9w8klaP6jIXbACC//695030250684//CNTR",stella santers or
FIWdSeXw,45304,"From Joshua Ross for Deel, ref TIAx1Dd 0GqPf ACC//7368 50308280//CNTR",joshua ross
bjlYu7Bu,24686,"From AURORA  POWELL for Deel, ref jk5MU6rT0PipACC//426818621925//CNTR",aurora powell
X8TL4dMU,482,"From Jonathan ,ERR#   perry for Deel, ref HOho3u6fCfA  LACC//1536 84403399//CNTR",jonathan err perry
khe7Al8M,97047,"From Ellie L0NG for Deel, ref 91be6IO1bT9LACC//117271000422//CNTR",ellie lng
lNsyXbbm,49227,"From Matthewbrooks for Deel, ref V4tS94LUIhnn ACC//133241906791//CNTR",matthewbrooks
YdnIEv4P,24893,"ref ToCu6iXjX7jMACC//307338080372//CNTR From Hannah Wood for Deel, ",hannah wood
RGddTMKb,72231,"From for Deel, ref brclUxkgDQxGACC//  82366915272//CNTR, ref: Samuel Washington ",ref samuel washington
kWedRMMj,32169,"From Hàzèl Fòstèr for Deel, ref IIiBgauTFe2WACC//192898280394//CNTR",hazel foster
Ev3RE1ZN,53804,"Payment from Christopher Morgan for Deel, ref aW7sNT8XG5HEACC//881041028266//CNTR",christopher morgan
1yiHP6j1,70901,"From Victoria Fisher for Deel, ref WFzjfQGdZBOWACC//243572413934//CNTR",victoria fisher
LLNtaY1E,31925,"Transfer from andrew   barnes for deel, ref CIUzXGzZKjXCACC//96665 0170774//CNTR",andrew barnes
8CMYRRuJ,43452,"To Deel, From BeLLA Bennett, Debit for Deel, ref FyVQuiRcC6WOACC//822225184231//CNTR",bella bennett debit
TcK8tATA,36079,"From David Matthew Hughes for Deel, ref fLMhfb3cblKAACC//601540098907//CNTR",david matthew hughes
TYEUeTqp,68228,"From Luna LoveReed for Deel, ref NT83w6IxGAA6ACC//245553792376//CNTR",luna lovereed
QDjbEktD,83311,"  From GAbriel C for Deel, ref O7vhDWwuF9HwACC//414484851241//CNTR",gabriel c
I8WIeHQ2,51683,"From Mila K Ward for Deel, ref NA2YDcPJiF47A CC//111019096907//CNTR",mila k ward
pzXPtaQX,50180,"From Christopher Gonzal ez 0912 for Deel, ref kzXlB64from Deelvxp4cACC// 136326279819//CNTR",christopher gonzal ez
ukegCBQf,58019,"Received from Paisley Taylor for Deel, ref ksIVpU1sRNWsACC//374252501136//CNTR",paisley taylor
WnU1N3KB,9790,"From or Deel, ref rw6j3KyBDwN7ACC// John Mitchell 77152073245//CNTR",or john mitchell
D5aW2I5o,7118,"From James Bennett. for Deel, ref mRwqP1U katxJACC//83 6081329508//CNTR",james bennett
hqLc27Y0,5304,"Transfer from Elii, Morris for Deel, ref QtCi92cN8G4uACC//610134600789//CNTR",elii morris
AXLbpmng,18640,"From Natalie 4Reed for Deel, ref PjwTiDQiNmSxACC//274051933698//CNTR",natalie reed
ubfjurUH,41553,"Payment from Isaac Bell for Deel, ref wNRgWW35i2lSACC//196752583852//CNTR",isaac bell
UTtagNiO,14313,"Transfer from Savannah, Cox for Deel, ref yusBURo0rWCTACC//Wise270331093380//CNTR",savannah cox
n9TP2eyH,73957,"From Samuel Cooper for Deel, ref 78jt3NUhNqb0ACC//234687750024//CNTR",samuel cooper
Pve1P1JG,7471,"From Claire.   Simmons for Deel, ref nSQnjQTpx11hACC//852986891535//CNTR",claire simmons
pSSoQLp1,65498,"From Henry for Deel, ref chKWkdineb8KACC//377565502403//CNTR cc Gray",henry cc gray
mzF8d1xj,75846,"ref ntTQWJzFuTUcACC//418585662634//CNTR, From Nora Robérts for Deel",nora roberts
MKQBCtHk,12799,"From 李周 for Deel, ref b1e0C1D9L8UBACC//18540590190//CNTR",li zhou
Dh4v16ya,25945,"From Leah Phillips   for Deel, ref 4Nl53fQgzTLW  ACC//139343615978//CNTR",leah phillips
FvlVMfTK,77075,"Received from Christian Ridley Scott for Deel, ref 3IF2b0AC palNACC//135548234898//CNTR",christian ridley scott
HA7WvqW8,11629,"From Skylarrichardson for Deel, ref 7kyzcadBHmcPACC//312395299071//CNTR",skylarrichardson
NeK3bkCl,7754,"From Daniel Rivera for Deel, ref eMIPKJK8o96oACC//6991339   43862//CNTR",daniel rivera
guxUF6y3,91642,"From Audrey Watson for Deel, ref yOt958gn  x5ihACC//993136471955//CNTR",audrey watson
JL0D4qb8,71015,"From Matthew RogersWest for Deel, ref 41FhWzvdPr0wACC//786114371221//CNTR",matthew rogerswest
QHT6WjtE,92402,ref 41FhWzvdPr0wACC//781928311221//CNTR,
cbkyilio,76097,"To Deel From Ανδρέας Ροντέελ for Deel, ref JWpKX08r58TFACC//320031128372//CNTR",andreas ronteel
z9sxWMp1,76933,"From Addison, Hughes for Deel, ref 3QJqWKnphs7gACC//576214218838//CNTR",addison hughes
dkNXQFOr,6571,"From David . Wood for Deel, ref 71TzDTannTpqACC//912938527393//CNTR, CC Isabella P Wilson",david wood cc isabella p wilson
OuFHALqM,3773," ref 3Klmiksre3kcACC//824788665387//CNTR, from Lily, Foster for Deel,",lily foster
Flmxgl6m,53048,"From James K Coleman for Deel, ref 5f2Lv5I4F6I0ACC//786232316420//CNTR",james k coleman
kAHSbQVZ,41438,"Payment from   Coleman Elliefor Deel, ref xA6yX5UBYJDIACC//70625  4192680//CNTR",coleman ellie
73or0URj,68213,"From ERR# Ryan Diaz for Deel, ref VN5wa5wfSbbtACC//447264510603//CNTR",err ryan diaz
SxybKXAR,75557,"From Audrey Peterson for Deel, ref UWSpnVhFXGHsACC//591757440683//CNTR",audrey peterson
Q70YUP0y,25949,"Transfer from  奕辰 for Deel, ref 7bQYUZ1Bble5ACC//852295144198//CNTR",yi chen
9BXRliwT,88333,"From Elena## BUTLET for Deel, ref oheOEVx,wfB1XACC//169992916947//CNTR",elena butlet
5iXzRftq,54600,"From Christian Griffin for Deel, ref NAJRqF8WtAndACC//808417184144//CNTR",christian griffin
D3k1gB6S,76571,"From Grace Henderson for Deel, ref odjYain0Nn65ACC//623238516454//CNTR",grace henderson
