id,name
0SIPZjNuoc,david wood
2xmcoVivzb,sophia cork
4qkOzbyv8T,chris gonzalez
55Gm68Ccwt,evelyn allen
5V675CF26e,alexis anderson
5WNEypC0m3,benjamin leeds
6EMyCbDRkP,stella sanders
6fc89iJwho,isaac bell deel
6qpOLRLwjT,sophia elizabeth clark
79vkUflfMg,john ryan diaz
79xW1adz5g,jian chen
7q68zSaFTx,sam cooper
7wgTardvTI,penelop campbell
7xElNaaCQk,liu wang
8aq20vZEdJ,jack cooper
8Habsd7CTg,elena
8rb7GnSzJk,audrey eleanor peterson
8ux42Wpbip,savannah cox
AMll2cfBB3,aria j cox
biQokkjAng,sam edwards
bqrLHl0t2x,elizabeth mitchell
BuCoIvL79A,emma brown
CphJKL9Xdi,oliver taylor
crHOEW9iLZ,audrey  
cvsmvo6HvW,jackson nelson
dLq0apeuqQ,sophia campbell
DMExRDkob0,lily foster
EaZFAk1T5c,benjamin lee
FhRDVhmleA,daniel deel
FHyv02SXtt,daniel wright
Fmq8FMWLvG,mila ward
FOaJDAtIsk,gabriel cooper
hEXLwnpXdz,nora roberts
Hl7n5MGoJo,andrew rodeel
HPkVoiDiMh,harper adams
HuSxJ0Xpw5,john mitchell
i52RbjL6om,aurorapowell
IGGyBnhJMc,nathalie claire reed
IlCknvAtTl,matthew king
IYkWtGZXLe,matthew brookers
IzXzXqM6Kd,william phillips
J2a9tmnIgt,andrew barnes
JaLd6Pqhpr,henry hill
Jco6EIdzNx,ellie colman
jGcUAiKPn2,david carter
JhAc0o2nWx,christian ridley scott
K0yjPXISO6,william james martinez
Kb1GVgxraJ,hazel foster
kelsFH8kye,yichen
kL1f4iVK0i,li zhou
lIO4js3kkx,james l coleman
LpQg45AveB,grace collins
lVGwIjbyuF,grace h
lYkiV5XrpZ,rick coleman
McA5Obtn0B,layla simmons
NG9mBbhEWZ,avigail green
nHDyCE2JUS,skylar richardson
nZMQ1GyJ2N,yang chen
OTMJ5TCHKM,samuel washington
owAZX0Uiq4,amelia turner
P6bIUUtNdd,henry gray
pdVS8wvwjA,paisley taylor
pHRIGzvS2p,joseph evans
PYbDvqF2gL,eli morris
PZ5gUNWL7O,luna reed
qBCElYF454,andrw richardson
QP6hL6v0oF,matthew west
r2ZDOIfIIP,scarlett ross
rqUvaPdEyD,refley hayes
S9rhnsCPxy,lea phillips
SB1zc80PFp,olivia north smith
ToAD2rzvGA,isabella wilson
TRBJYTbOHR,christopher ward morgan
U4NNQUQIeE,liam johnson
U4Pps5wQzx,addison james hughes
u8yJD9cFLB,joseph foster
UmmrJMw1go,daniel torres
UmTNYD8XrY,zoey howard
uRCvdelpFs,hannah woods
V86OZUmxdr,jonathan perry
VfY9DmIkiL,isabella wilson
vPYeL2gRtJ,charlotte walker
VTkSTucYgz,david hughes
w9eCGb5eot,fisher victoria
WfNEYEo6vu,michael moore
WH2fpHdEDk,claire simmons
woUGau09yc,benjamin rivera
wvbZFCcalJ,lucas hall
XSwFsQlyYa,james bennett
xuLP9ZRIlC,alexander baker
XUMMkD3fvH,james rodriguez
YAKhwLcHLA,ellie long
yDhnGNLelf,ma lewis
YEYnQomP3u,elijah thomas
yiVnc6cMMB,griffin christian
Yt4Ppnjbpw,christopher ward
Z5Zh6jVQaB,lily kelly
ZjCI84CW6U,bella bennett
Zq05LEibbQ,ross joshua
Qg12EWasd,maria perikleous
